{
  "best_model": "logistic_regression",
  "best_params": {
    "model__C": 0.1,
    "model__penalty": "l2"
  },
  "best_metrics": {
    "accuracy": 0.7402597402597403,
    "precision": 0.64,
    "recall": 0.5925925925925926,
    "f1": 0.6153846153846154,
    "roc_auc": 0.8388888888888888
  },
  "all_results": {
    "logistic_regression": {
      "accuracy": 0.7402597402597403,
      "precision": 0.64,
      "recall": 0.5925925925925926,
      "f1": 0.6153846153846154,
      "roc_auc": 0.8388888888888888
    },
    "random_forest": {
      "accuracy": 0.7532467532467533,
      "precision": 0.6666666666666666,
      "recall": 0.5925925925925926,
      "f1": 0.6274509803921569,
      "roc_auc": 0.826851851851852
    },
    "gradient_boosting": {
      "accuracy": 0.7532467532467533,
      "precision": 0.6739130434782609,
      "recall": 0.5740740740740741,
      "f1": 0.62,
      "roc_auc": 0.825925925925926
    }
  }
}