{
  "best_model": "logistic_regression",
  "best_params": {
    "C": 0.1,
    "penalty": "l2"
  },
  "best_metrics": {
    "accuracy": 0.7402597402597403,
    "precision": 0.64,
    "recall": 0.5925925925925926,
    "f1": 0.6153846153846154,
    "roc_auc": 0.839074074074074
  },
  "all_results": {
    "logistic_regression": {
      "accuracy": 0.7402597402597403,
      "precision": 0.64,
      "recall": 0.5925925925925926,
      "f1": 0.6153846153846154,
      "roc_auc": 0.839074074074074
    },
    "random_forest": {
      "accuracy": 0.7597402597402597,
      "precision": 0.6808510638297872,
      "recall": 0.5925925925925926,
      "f1": 0.6336633663366337,
      "roc_auc": 0.825925925925926
    },
    "gradient_boosting": {
      "accuracy": 0.7532467532467533,
      "precision": 0.6739130434782609,
      "recall": 0.5740740740740741,
      "f1": 0.62,
      "roc_auc": 0.825925925925926
    }
  }
}